"famotidine;Bleeding gums;Rare;doctor
","famotidine;blistering, peeling, or loosening of the skin;Rare;doctor
","famotidine;blood in the urine or stools;Rare;doctor
","famotidine;bloody, black, or tarry stools;Rare;doctor
","famotidine;chest pain;Rare;doctor
","famotidine;chills;Rare;doctor
","famotidine;cough or hoarseness;Rare;doctor
","famotidine;diarrhea;Rare;doctor
","famotidine;fever;Rare;doctor
","famotidine;fever with or without chills;Rare;doctor
","famotidine;general feeling of tiredness or weakness;Rare;doctor
","famotidine;high fever;Rare;doctor
","famotidine;itching;Rare;doctor
","famotidine;joint or muscle pain;Rare;doctor
","famotidine;lower back or side pain;Rare;doctor
","famotidine;painful or difficult urination;Rare;doctor
","famotidine;pale skin;Rare;doctor
","famotidine;pinpoint red spots on the skin;Rare;doctor
","famotidine;red, irritated eyes;Rare;doctor
","famotidine;red skin lesions, often with a purple center;Rare;doctor
","famotidine;shortness of breath;Rare;doctor
","famotidine;sore throat;Rare;doctor
","famotidine;sores, ulcers, or white spots on the lips or in the mouth;Rare;doctor
","famotidine;swollen glands;Rare;doctor
","famotidine;unusual bleeding or bruising;Rare;doctor
","famotidine;unusual tiredness or weakness;Rare;doctor
","famotidine;Abdominal or stomach pain;Incidence not known;doctor
","famotidine;anxiety;Incidence not known;doctor
","famotidine;burning, crawling, itching, numbness, prickling, ""pins and needles"", or tingling feelings;Incidence not known;doctor
","famotidine;clay-colored stools;Incidence not known;doctor
","famotidine;dark urine;Incidence not known;doctor
","famotidine;depression;Incidence not known;doctor
","famotidine;difficulty with breathing;Incidence not known;doctor
","famotidine;difficulty with swallowing;Incidence not known;doctor
","famotidine;dizziness;Incidence not known;doctor
","famotidine;dry mouth;Incidence not known;doctor
","famotidine;fainting;Incidence not known;doctor
","famotidine;false sense of well-being;Incidence not known;doctor
","famotidine;fast, irregular, pounding, or racing heartbeat or pulse;Incidence not known;doctor
","famotidine;headache;Incidence not known;doctor
","famotidine;hives;Incidence not known;doctor
","famotidine;hyperventilation;Incidence not known;doctor
","famotidine;irritability;Incidence not known;doctor
","famotidine;large, hive-like swelling on the face, eyelids, lips, tongue, throat, hands, legs, feet, or sex organs;Incidence not known;doctor
","famotidine;loss of appetite;Incidence not known;doctor
","famotidine;loss of bladder control;Incidence not known;doctor
","famotidine;loss of consciousness;Incidence not known;doctor
","famotidine;mood swings;Incidence not known;doctor
","famotidine;nausea;Incidence not known;doctor
","famotidine;nervousness;Incidence not known;doctor
","famotidine;noisy breathing;Incidence not known;doctor
","famotidine;personality changes;Incidence not known;doctor
","famotidine;puffiness or swelling of the eyelids or around the eyes, face, lips, or tongue;Incidence not known;doctor
","famotidine;rash;Incidence not known;doctor
","famotidine;restlessness;Incidence not known;doctor
","famotidine;seizures;Incidence not known;doctor
","famotidine;shaking;Incidence not known;doctor
","famotidine;skin rash;Incidence not known;doctor
","famotidine;swelling around the eyes;Incidence not known;doctor
","famotidine;tightness in the chest;Incidence not known;doctor
","famotidine;total body jerking;Incidence not known;doctor
","famotidine;trouble with sleeping;Incidence not known;doctor
","famotidine;troubled with breathing;Incidence not known;doctor
","famotidine;unpleasant breath odor;Incidence not known;doctor
","famotidine;vision changes;Incidence not known;doctor
","famotidine;vomiting of blood;Incidence not known;doctor
","famotidine;wheezing;Incidence not known;doctor
","famotidine;yellow eyes or skin;Incidence not known;doctor
","famotidine;Difficulty having a bowel movement (stool);Less common;noneed
","famotidine;Swelling of the breasts or breast soreness in both females and males;Rare;noneed
","famotidine;Abdominal or stomach discomfort;Incidence not known;noneed
","famotidine;blemishes on the skin;Incidence not known;noneed
","famotidine;change in taste or bad, unusual or unpleasant (after) taste;Incidence not known;noneed
","famotidine;continuing ringing or buzzing or other unexplained noise in the ears;Incidence not known;noneed
","famotidine;decreased interest in sexual intercourse;Incidence not known;noneed
","famotidine;difficulty with moving;Incidence not known;noneed
","famotidine;dry skin;Incidence not known;noneed
","famotidine;fear;Incidence not known;noneed
","famotidine;hair loss or thinning of the hair;Incidence not known;noneed
","famotidine;hearing loss;Incidence not known;noneed
","famotidine;hives or welts;Incidence not known;noneed
","famotidine;inability to have or keep an erection;Incidence not known;noneed
","famotidine;loss in sexual ability, desire, drive, or performance;Incidence not known;noneed
","famotidine;mood or mental changes;Incidence not known;noneed
","famotidine;muscle cramps;Incidence not known;noneed
","famotidine;muscle stiffness;Incidence not known;noneed
","famotidine;pimples;Incidence not known;noneed
","famotidine;redness of the skin;Incidence not known;noneed
","famotidine;redness of the white part of the eyes;Incidence not known;noneed
","famotidine;seeing, hearing, or feeling things that are not there;Incidence not known;noneed
","famotidine;sleeplessness;Incidence not known;noneed
","famotidine;unable to sleep;Incidence not known;noneed
","famotidine;weight loss;Incidence not known;noneed
"
"esomeprazole;Blistering, peeling, or loosening of the skin;Incidence not known;doctor
","esomeprazole;bloating;Incidence not known;doctor
","esomeprazole;chills;Incidence not known;doctor
","esomeprazole;constipation;Incidence not known;doctor
","esomeprazole;cough;Incidence not known;doctor
","esomeprazole;darkened urine;Incidence not known;doctor
","esomeprazole;difficulty with swallowing;Incidence not known;doctor
","esomeprazole;dizziness;Incidence not known;doctor
","esomeprazole;drowsiness;Incidence not known;doctor
","esomeprazole;fast heartbeat;Incidence not known;doctor
","esomeprazole;fever;Incidence not known;doctor
","esomeprazole;indigestion;Incidence not known;doctor
","esomeprazole;joint or muscle pain;Incidence not known;doctor
","esomeprazole;loss of appetite;Incidence not known;doctor
","esomeprazole;mood or mental changes;Incidence not known;doctor
","esomeprazole;muscle spasms (tetany) or twitching;Incidence not known;doctor
","esomeprazole;nausea;Incidence not known;doctor
","esomeprazole;pains in the stomach, side, or abdomen, possibly radiating to the back;Incidence not known;doctor
","esomeprazole;puffiness or swelling of the eyelids or around the eyes, face, lips, or tongue;Incidence not known;doctor
","esomeprazole;red skin lesions, often with a purple center;Incidence not known;doctor
","esomeprazole;red, irritated eyes;Incidence not known;doctor
","esomeprazole;seizures;Incidence not known;doctor
","esomeprazole;skin rash, hives, itching;Incidence not known;doctor
","esomeprazole;sore throat;Incidence not known;doctor
","esomeprazole;sores, ulcers, or white spots in the mouth or on the lips;Incidence not known;doctor
","esomeprazole;tightness in the chest;Incidence not known;doctor
","esomeprazole;trembling;Incidence not known;doctor
","esomeprazole;unusual tiredness or weakness;Incidence not known;doctor
","esomeprazole;vomiting;Incidence not known;doctor
","esomeprazole;yellow eyes or skin;Incidence not known;doctor
","esomeprazole;Bad, unusual, or unpleasant (after) taste;More common;noneed
","esomeprazole;change in taste;More common;noneed
","esomeprazole;Sleepiness or unusual drowsiness;Less common;noneed
","esomeprazole;Acne;Rare;noneed
","esomeprazole;back pain;Rare;noneed
","esomeprazole;Agitation;Incidence not known;noneed
","esomeprazole;dry mouth;Incidence not known;noneed
","esomeprazole;excess air or gas in the stomach or intestines;Incidence not known;noneed
","esomeprazole;full feeling;Incidence not known;noneed
","esomeprazole;hair loss or thinning of the hair;Incidence not known;noneed
","esomeprazole;muscular weakness;Incidence not known;noneed
","esomeprazole;passing gas;Incidence not known;noneed
","esomeprazole;seeing, hearing, or feeling things that are not there;Incidence not known;noneed
","esomeprazole;swelling of the breasts or breast soreness in both females and males;Incidence not known;noneed
","esomeprazole;swelling or inflammation of the mouth;Incidence not known;noneed
","esomeprazole;swollen joints;Incidence not known;noneed
"
"lansoprazole;Diarrhea;More common;doctor
","lansoprazole;skin rash or itching;More common;doctor
","lansoprazole;Abdominal or stomach pain;Less common;doctor
","lansoprazole;increased or decreased appetite;Less common;doctor
","lansoprazole;joint pain;Less common;doctor
","lansoprazole;nausea;Less common;doctor
","lansoprazole;vomiting;Less common;doctor
","lansoprazole;Anxiety;Rare;doctor
","lansoprazole;cold or flu-like symptoms;Rare;doctor
","lansoprazole;constipation;Rare;doctor
","lansoprazole;increased cough;Rare;doctor
","lansoprazole;mental depression;Rare;doctor
","lansoprazole;muscle pain;Rare;doctor
","lansoprazole;rectal bleeding;Rare;doctor
","lansoprazole;unusual bleeding or bruising;Rare;doctor
","lansoprazole;Abdominal or stomach tenderness;Incidence not known;doctor
","lansoprazole;back or leg pains;Incidence not known;doctor
","lansoprazole;bleeding gums;Incidence not known;doctor
","lansoprazole;blistering, peeling, or loosening of the skin;Incidence not known;doctor
","lansoprazole;bloating;Incidence not known;doctor
","lansoprazole;bloody, black, or tarry stools;Incidence not known;doctor
","lansoprazole;change in mental status;Incidence not known;doctor
","lansoprazole;chest pain;Incidence not known;doctor
","lansoprazole;chills;Incidence not known;doctor
","lansoprazole;clay colored stools;Incidence not known;doctor
","lansoprazole;cough or hoarseness;Incidence not known;doctor
","lansoprazole;dark or bloody urine;Incidence not known;doctor
","lansoprazole;difficulty with swallowing;Incidence not known;doctor
","lansoprazole;drowsiness;Incidence not known;doctor
","lansoprazole;fast heartbeat;Incidence not known;doctor
","lansoprazole;fever;Incidence not known;doctor
","lansoprazole;general body swelling;Incidence not known;doctor
","lansoprazole;high fever;Incidence not known;doctor
","lansoprazole;hives;Incidence not known;doctor
","lansoprazole;indigestion;Incidence not known;doctor
","lansoprazole;loss of appetite;Incidence not known;doctor
","lansoprazole;lower back or side pain;Incidence not known;doctor
","lansoprazole;mood or mental changes;Incidence not known;doctor
","lansoprazole;muscle spasms (tetany) or twitching seizures;Incidence not known;doctor
","lansoprazole;nosebleeds;Incidence not known;doctor
","lansoprazole;painful or difficult urination;Incidence not known;doctor
","lansoprazole;pains in the stomach, side, or abdomen, possibly radiating to the back;Incidence not known;doctor
","lansoprazole;pale skin;Incidence not known;doctor
","lansoprazole;pinpoint red spots on the skin;Incidence not known;doctor
","lansoprazole;puffiness or swelling of the eyelids or around the eyes, face, lips, or tongue;Incidence not known;doctor
","lansoprazole;red skin lesions, often with a purple center;Incidence not known;doctor
","lansoprazole;red, irritated eyes;Incidence not known;doctor
","lansoprazole;seizures;Incidence not known;doctor
","lansoprazole;sore throat;Incidence not known;doctor
","lansoprazole;sores, ulcers, or white spots on the lips or in the mouth;Incidence not known;doctor
","lansoprazole;swelling of the feet or lower legs;Incidence not known;doctor
","lansoprazole;swollen or painful glands;Incidence not known;doctor
","lansoprazole;tightness in the chest;Incidence not known;doctor
","lansoprazole;trembling;Incidence not known;doctor
","lansoprazole;unusual tiredness or weakness;Incidence not known;doctor
","lansoprazole;yellow eyes or skin;Incidence not known;doctor
","lansoprazole;Dizziness;More common;noneed
","lansoprazole;headache;More common;noneed
","lansoprazole;Bleeding, blistering, burning, coldness, or discoloration of the skin;Less common;noneed
","lansoprazole;mild nausea;Less common;noneed
","lansoprazole;Acid or sour stomach;Rare;noneed
","lansoprazole;bad, unusual or unpleasant (after) taste;Rare;noneed
","lansoprazole;belching;Rare;noneed
","lansoprazole;burning, crawling, itching, numbness, prickling, ""pins and needles"", or tingling feelings;Rare;noneed
","lansoprazole;change in taste;Rare;noneed
","lansoprazole;feeling faint, dizzy, or lightheaded;Rare;noneed
","lansoprazole;feeling of heat or warmth;Rare;noneed
","lansoprazole;flushing or redness of the skin, especially on the face and neck;Rare;noneed
","lansoprazole;mild diarrhea;Rare;noneed
","lansoprazole;mild headache;Rare;noneed
","lansoprazole;mild vomiting;Rare;noneed
","lansoprazole;stomach discomfort or upset;Rare;noneed
","lansoprazole;sweating;Rare;noneed
","lansoprazole;Decrease in passing urine (dribbling);Incidence not known;noneed
","lansoprazole;decrease in the frequency of urination;Incidence not known;noneed
","lansoprazole;decrease in urine volume;Incidence not known;noneed
","lansoprazole;difficulty with speaking;Incidence not known;noneed
"
"omeprazole;Back, leg, or stomach pain;Rare;doctor
","omeprazole;bleeding or crusting sores on the lips;Rare;doctor
","omeprazole;blisters;Rare;doctor
","omeprazole;bloody or cloudy urine;Rare;doctor
","omeprazole;chills;Rare;doctor
","omeprazole;continuing ulcers or sores in the mouth;Rare;doctor
","omeprazole;difficult, burning, or painful urination;Rare;doctor
","omeprazole;fever;Rare;doctor
","omeprazole;frequent urge to urinate;Rare;doctor
","omeprazole;general feeling of discomfort or illness;Rare;doctor
","omeprazole;joint pain;Rare;doctor
","omeprazole;loss of appetite;Rare;doctor
","omeprazole;muscle aches or cramps;Rare;doctor
","omeprazole;pain;Rare;doctor
","omeprazole;red or irritated eyes;Rare;doctor
","omeprazole;redness, tenderness, itching, burning, or peeling of the skin;Rare;doctor
","omeprazole;skin rash or itching;Rare;doctor
","omeprazole;sore throat;Rare;doctor
","omeprazole;sores, ulcers, or white spots on the lips, in the mouth, or on the genitals;Rare;doctor
","omeprazole;unusual bleeding or bruising;Rare;doctor
","omeprazole;unusual tiredness or weakness;Rare;doctor
","omeprazole;Drowsiness;Incidence not known;doctor
","omeprazole;fast, racing, or uneven heartbeat;Incidence not known;doctor
","omeprazole;mood or mental changes;Incidence not known;doctor
","omeprazole;muscle spasms (tetany) or twitching seizures;Incidence not known;doctor
","omeprazole;nausea or vomiting;Incidence not known;doctor
","omeprazole;trembling;Incidence not known;doctor
","omeprazole;Blurred vision;Get emergency help immediately if any of the following symptoms of overdose occur while taking omeprazole:;doctor
","omeprazole;confusion;Get emergency help immediately if any of the following symptoms of overdose occur while taking omeprazole:;doctor
","omeprazole;dryness of the mouth;Get emergency help immediately if any of the following symptoms of overdose occur while taking omeprazole:;doctor
","omeprazole;flushing;Get emergency help immediately if any of the following symptoms of overdose occur while taking omeprazole:;doctor
","omeprazole;headache;Get emergency help immediately if any of the following symptoms of overdose occur while taking omeprazole:;doctor
","omeprazole;increased sweating;Get emergency help immediately if any of the following symptoms of overdose occur while taking omeprazole:;doctor
","omeprazole;Body aches or pain;Less common;noneed
","omeprazole;chest pain;Less common;noneed
","omeprazole;constipation;Less common;noneed
","omeprazole;cough;Less common;noneed
","omeprazole;diarrhea or loose stools;Less common;noneed
","omeprazole;difficulty with breathing;Less common;noneed
","omeprazole;dizziness;Less common;noneed
","omeprazole;ear congestion;Less common;noneed
","omeprazole;gas;Less common;noneed
","omeprazole;heartburn;Less common;noneed
","omeprazole;loss of voice;Less common;noneed
","omeprazole;muscle pain;Less common;noneed
","omeprazole;nasal congestion;Less common;noneed
","omeprazole;runny nose;Less common;noneed
","omeprazole;sneezing;Less common;noneed
","omeprazole;unusual drowsiness;Less common;noneed
"
"ondansetron;Confusion;More common;doctor
","ondansetron;dizziness;More common;doctor
","ondansetron;fast heartbeat;More common;doctor
","ondansetron;fever;More common;doctor
","ondansetron;headache;More common;doctor
","ondansetron;shortness of breath;More common;doctor
","ondansetron;weakness;More common;doctor
","ondansetron;Decrease in the frequency of urination;Less common;doctor
","ondansetron;decrease in the urine volume;Less common;doctor
","ondansetron;difficulty with passing urine (dribbling);Less common;doctor
","ondansetron;painful urination;Less common;doctor
","ondansetron;Arm, back, or jaw pain;Rare;doctor
","ondansetron;chest pain or discomfort;Rare;doctor
","ondansetron;chest tightness or heaviness;Rare;doctor
","ondansetron;convulsions;Rare;doctor
","ondansetron;cough;Rare;doctor
","ondansetron;decreased urine;Rare;doctor
","ondansetron;difficulty with breathing;Rare;doctor
","ondansetron;difficulty with swallowing;Rare;doctor
","ondansetron;dry mouth;Rare;doctor
","ondansetron;fast, pounding, or irregular heartbeat or pulse;Rare;doctor
","ondansetron;increased thirst;Rare;doctor
","ondansetron;loss of appetite;Rare;doctor
","ondansetron;loss of bladder control;Rare;doctor
","ondansetron;loss of consciousness;Rare;doctor
","ondansetron;mood changes;Rare;doctor
","ondansetron;muscle pain or cramps;Rare;doctor
","ondansetron;nausea or vomiting;Rare;doctor
","ondansetron;noisy breathing;Rare;doctor
","ondansetron;numbness or tingling in the hands, feet, or lips;Rare;doctor
","ondansetron;puffiness or swelling of the eyelids or around the eyes, face, lips, or tongue;Rare;doctor
","ondansetron;skin rash, hives, or itching;Rare;doctor
","ondansetron;sweating;Rare;doctor
","ondansetron;tightness in the chest;Rare;doctor
","ondansetron;total body jerking;Rare;doctor
","ondansetron;unusual tiredness or weakness;Rare;doctor
","ondansetron;wheezing;Rare;doctor
","ondansetron;Blurred vision;Incidence not known;doctor
","ondansetron;dizziness, faintness, or lightheadedness when getting up suddenly from a lying or sitting position;Incidence not known;doctor
","ondansetron;fixed position of the eye;Incidence not known;doctor
","ondansetron;heart stops;Incidence not known;doctor
","ondansetron;hoarseness;Incidence not known;doctor
","ondansetron;inability to move the eyes;Incidence not known;doctor
","ondansetron;increased blinking or spasms of the eyelid;Incidence not known;doctor
","ondansetron;large, hive-like swelling on the face, eyelids, lips, tongue, throat, hands, legs, feet, or sex organs;Incidence not known;doctor
","ondansetron;no breathing;Incidence not known;doctor
","ondansetron;no pulse or blood pressure;Incidence not known;doctor
","ondansetron;noisy breathing;Incidence not known;doctor
","ondansetron;pounding heartbeat;Incidence not known;doctor
","ondansetron;slow or irregular breathing;Incidence not known;doctor
","ondansetron;sticking out of the tongue;Incidence not known;doctor
","ondansetron;sweating;Incidence not known;doctor
","ondansetron;trouble with speaking;Incidence not known;doctor
","ondansetron;unconscious;Incidence not known;doctor
","ondansetron;uncontrolled twisting movements of the neck, trunk, arms, or legs;Incidence not known;doctor
","ondansetron;unusual facial expressions;Incidence not known;doctor
","ondansetron;Anxiety;More common;noneed
","ondansetron;difficulty having a bowel movement (stool);More common;noneed
","ondansetron;dry mouth;More common;noneed
","ondansetron;general feeling of discomfort or illness;More common;noneed
","ondansetron;hyperventilation;More common;noneed
","ondansetron;irritability;More common;noneed
","ondansetron;restlessness;More common;noneed
","ondansetron;shaking;More common;noneed
","ondansetron;trouble sleeping;More common;noneed
","ondansetron;Difficulty with speaking;Rare;noneed
","ondansetron;drooling;Rare;noneed
","ondansetron;loss of balance control;Rare;noneed
","ondansetron;muscle trembling, jerking, or stiffness;Rare;noneed
","ondansetron;shuffling walk;Rare;noneed
","ondansetron;stiffness of the limbs;Rare;noneed
","ondansetron;twisting movements of the body;Rare;noneed
","ondansetron;uncontrolled movements, especially of the face, neck, and back;Rare;noneed
","ondansetron;Feeling of warmth;Incidence not known;noneed
","ondansetron;hiccups;Incidence not known;noneed
","ondansetron;redness of the face, neck, arms, and occasionally, upper chest;Incidence not known;noneed
","ondansetron;redness of the skin;Incidence not known;noneed
","ondansetron;welts;Incidence not known;noneed
"
"mesalamine;Abdominal or stomach pain (severe);More common;doctor
","mesalamine;bloody diarrhea;More common;doctor
","mesalamine;rectal bleeding;More common;doctor
","mesalamine;Abdominal or stomach cramps (severe);Less common;doctor
","mesalamine;blurred vision;Less common;doctor
","mesalamine;dizziness;Less common;doctor
","mesalamine;fever;Less common;doctor
","mesalamine;full or bloated feeling;Less common;doctor
","mesalamine;headache (severe);Less common;doctor
","mesalamine;nervousness;Less common;doctor
","mesalamine;pounding in the ears;Less common;doctor
","mesalamine;pressure in the stomach;Less common;doctor
","mesalamine;skin rash and itching;Less common;doctor
","mesalamine;slow or fast heartbeat;Less common;doctor
","mesalamine;swelling of the abdominal or stomach area;Less common;doctor
","mesalamine;unusual tiredness or weakness;Less common;doctor
","mesalamine;Anxiety;Rare;doctor
","mesalamine;back pain (severe);Rare;doctor
","mesalamine;blue or pale skin;Rare;doctor
","mesalamine;chest pain, possibly moving to the left arm, neck, or shoulder;Rare;doctor
","mesalamine;chills;Rare;doctor
","mesalamine;nausea or vomiting;Rare;doctor
","mesalamine;yellow eyes or skin;Rare;doctor
","mesalamine;Abdominal or stomach cramps or pain (mild);More common;noneed
","mesalamine;diarrhea (mild);More common;noneed
","mesalamine;headache (mild);More common;noneed
","mesalamine;runny or stuffy nose;More common;noneed
","mesalamine;sneezing;More common;noneed
","mesalamine;Acid or sour stomach;Less common;noneed
","mesalamine;acne;Less common;noneed
","mesalamine;back or joint pain;Less common;noneed
","mesalamine;belching;Less common;noneed
","mesalamine;difficulty with moving;Less common;noneed
","mesalamine;excess air or gas in the stomach or intestines;Less common;noneed
","mesalamine;hair loss or thinning of the hair;Less common;noneed
","mesalamine;heartburn;Less common;noneed
","mesalamine;indigestion;Less common;noneed
","mesalamine;loss of appetite;Less common;noneed
","mesalamine;muscle pain or stiffness;Less common;noneed
","mesalamine;passing gas;Less common;noneed
","mesalamine;stomach discomfort or upset;Less common;noneed
"
"aspirin;Abdominal or stomach pain, cramping, or burning;Incidence not known;doctor
","aspirin;black, tarry stools;Incidence not known;doctor
","aspirin;bloody or cloudy urine;Incidence not known;doctor
","aspirin;change in consciousness;Incidence not known;doctor
","aspirin;chest pain or discomfort;Incidence not known;doctor
","aspirin;confusion;Incidence not known;doctor
","aspirin;constipation;Incidence not known;doctor
","aspirin;convulsions, severe or continuing;Incidence not known;doctor
","aspirin;dark urine;Incidence not known;doctor
","aspirin;decreased frequency or amount of urine;Incidence not known;doctor
","aspirin;diarrhea;Incidence not known;doctor
","aspirin;difficult breathing;Incidence not known;doctor
","aspirin;drowsiness;Incidence not known;doctor
","aspirin;fainting;Incidence not known;doctor
","aspirin;fast breathing;Incidence not known;doctor
","aspirin;feeling that something terrible will happen;Incidence not known;doctor
","aspirin;fever;Incidence not known;doctor
","aspirin;general tiredness and weakness;Incidence not known;doctor
","aspirin;greatly decreased frequency of urination or amount of urine;Incidence not known;doctor
","aspirin;headache;Incidence not known;doctor
","aspirin;heartburn;Incidence not known;doctor
","aspirin;increased thirst;Incidence not known;doctor
","aspirin;indigestion;Incidence not known;doctor
","aspirin;irregular heartbeat;Incidence not known;doctor
","aspirin;light-colored stools;Incidence not known;doctor
","aspirin;loss of appetite;Incidence not known;doctor
","aspirin;loss of consciousness;Incidence not known;doctor
","aspirin;lower back or side pain;Incidence not known;doctor
","aspirin;muscle cramping and weakness;Incidence not known;doctor
","aspirin;muscle tremors;Incidence not known;doctor
","aspirin;nausea or vomiting;Incidence not known;doctor
","aspirin;nervousness;Incidence not known;doctor
","aspirin;numbness or tingling in the hands, feet, or lips;Incidence not known;doctor
","aspirin;panic;Incidence not known;doctor
","aspirin;rapid, deep breathing;Incidence not known;doctor
","aspirin;restlessness;Incidence not known;doctor
","aspirin;seizures;Incidence not known;doctor
","aspirin;skin rash;Incidence not known;doctor
","aspirin;stomach cramps;Incidence not known;doctor
","aspirin;swelling of the face, fingers, or lower legs;Incidence not known;doctor
","aspirin;unusual bleeding or bruising;Incidence not known;doctor
","aspirin;unusual tiredness or weakness;Incidence not known;doctor
","aspirin;upper right abdominal or stomach;Incidence not known;doctor
","aspirin;vomiting of blood or material that looks like coffee grounds;Incidence not known;doctor
","aspirin;weakness or heaviness of the legs;Incidence not known;doctor
","aspirin;weight gain;Incidence not known;doctor
","aspirin;yellow eyes and skin;Incidence not known;doctor
","aspirin;Acid or sour stomach;Incidence not known;noneed
","aspirin;anxiety;Incidence not known;noneed
","aspirin;belching;Incidence not known;noneed
","aspirin;dizziness;Incidence not known;noneed
","aspirin;dry mouth;Incidence not known;noneed
","aspirin;hyperventilation;Incidence not known;noneed
","aspirin;irritability;Incidence not known;noneed
","aspirin;shaking;Incidence not known;noneed
","aspirin;stomach discomfort, upset, or pain;Incidence not known;noneed
","aspirin;trouble sleeping;Incidence not known;noneed
","aspirin;unusual drowsiness, dullness, tiredness, weakness, or feeling of sluggishness;Incidence not known;noneed
"
"diclofenac;Abdominal or stomach bloating, burning, cramping, or pain;More common;doctor
","diclofenac;belching;More common;doctor
","diclofenac;bloody or black, tarry stools;More common;doctor
","diclofenac;cloudy urine;More common;doctor
","diclofenac;constipation;More common;doctor
","diclofenac;decrease in urine output or decrease in urine-concentrating ability;More common;doctor
","diclofenac;diarrhea;More common;doctor
","diclofenac;dizziness;More common;doctor
","diclofenac;feeling of indigestion;More common;doctor
","diclofenac;headache;More common;doctor
","diclofenac;increased bleeding time;More common;doctor
","diclofenac;itching skin or rash;More common;doctor
","diclofenac;loss of appetite;More common;doctor
","diclofenac;nausea and vomiting;More common;doctor
","diclofenac;pain in the chest below the breastbone;More common;doctor
","diclofenac;pale skin;More common;doctor
","diclofenac;severe stomach pain;More common;doctor
","diclofenac;swelling;More common;doctor
","diclofenac;troubled breathing with exertion;More common;doctor
","diclofenac;unusual bleeding or bruising;More common;doctor
","diclofenac;unusual tiredness or weakness;More common;doctor
","diclofenac;vomiting of blood or material that looks like coffee grounds;More common;doctor
","diclofenac;weight loss;More common;doctor
","diclofenac;Agitation;Get emergency help immediately if any of the following symptoms of overdose occur while taking diclofenac:;doctor
","diclofenac;blurred vision;Get emergency help immediately if any of the following symptoms of overdose occur while taking diclofenac:;doctor
","diclofenac;change in consciousness;Get emergency help immediately if any of the following symptoms of overdose occur while taking diclofenac:;doctor
","diclofenac;change in the ability to see colors, especially blue or yellow;Get emergency help immediately if any of the following symptoms of overdose occur while taking diclofenac:;doctor
","diclofenac;confusion;Get emergency help immediately if any of the following symptoms of overdose occur while taking diclofenac:;doctor
","diclofenac;depression;Get emergency help immediately if any of the following symptoms of overdose occur while taking diclofenac:;doctor
","diclofenac;difficult or troubled breathing;Get emergency help immediately if any of the following symptoms of overdose occur while taking diclofenac:;doctor
","diclofenac;hives;Get emergency help immediately if any of the following symptoms of overdose occur while taking diclofenac:;doctor
","diclofenac;hostility;Get emergency help immediately if any of the following symptoms of overdose occur while taking diclofenac:;doctor
","diclofenac;irregular, fast or slow, or shallow breathing;Get emergency help immediately if any of the following symptoms of overdose occur while taking diclofenac:;doctor
","diclofenac;irritability;Get emergency help immediately if any of the following symptoms of overdose occur while taking diclofenac:;doctor
","diclofenac;loss of consciousness;Get emergency help immediately if any of the following symptoms of overdose occur while taking diclofenac:;doctor
","diclofenac;muscle twitching;Get emergency help immediately if any of the following symptoms of overdose occur while taking diclofenac:;doctor
","diclofenac;nervousness;Get emergency help immediately if any of the following symptoms of overdose occur while taking diclofenac:;doctor
","diclofenac;pain or discomfort in the chest, upper stomach, or throat;Get emergency help immediately if any of the following symptoms of overdose occur while taking diclofenac:;doctor
","diclofenac;pale or blue lips, fingernails, or skin;Get emergency help immediately if any of the following symptoms of overdose occur while taking diclofenac:;doctor
","diclofenac;puffiness or swelling of the eyelids or around the eyes, face, lips, or tongue;Get emergency help immediately if any of the following symptoms of overdose occur while taking diclofenac:;doctor
","diclofenac;rapid weight gain;Get emergency help immediately if any of the following symptoms of overdose occur while taking diclofenac:;doctor
","diclofenac;seizures;Get emergency help immediately if any of the following symptoms of overdose occur while taking diclofenac:;doctor
","diclofenac;sleepiness;Get emergency help immediately if any of the following symptoms of overdose occur while taking diclofenac:;doctor
","diclofenac;slow or fast heartbeat;Get emergency help immediately if any of the following symptoms of overdose occur while taking diclofenac:;doctor
","diclofenac;stupor;Get emergency help immediately if any of the following symptoms of overdose occur while taking diclofenac:;doctor
","diclofenac;swelling of the face, ankles, or hands;Get emergency help immediately if any of the following symptoms of overdose occur while taking diclofenac:;doctor
","diclofenac;tightness in the chest;Get emergency help immediately if any of the following symptoms of overdose occur while taking diclofenac:;doctor
","diclofenac;trouble sleeping;Get emergency help immediately if any of the following symptoms of overdose occur while taking diclofenac:;doctor
","diclofenac;unusual drowsiness, dullness, or feeling of sluggishness;Get emergency help immediately if any of the following symptoms of overdose occur while taking diclofenac:;doctor
","diclofenac;Continuing ringing or buzzing or other unexplained noise in the ears;More common;noneed
","diclofenac;excess air or gas in the stomach or intestines;More common;noneed
","diclofenac;hearing loss;More common;noneed
","diclofenac;lack or loss of strength;More common;noneed
","diclofenac;passing gas;More common;noneed
"
"ibuprofen;Abdominal pain;More common;doctor
","ibuprofen;acid or sour stomach;More common;doctor
","ibuprofen;belching;More common;doctor
","ibuprofen;bloating;More common;doctor
","ibuprofen;cloudy urine;More common;doctor
","ibuprofen;decrease in amount of urine;More common;doctor
","ibuprofen;decrease in urine output or decrease in urine-concentrating ability;More common;doctor
","ibuprofen;diarrhea;More common;doctor
","ibuprofen;difficulty having a bowel movement (stool);More common;doctor
","ibuprofen;excess air or gas in stomach or intestines;More common;doctor
","ibuprofen;full feeling;More common;doctor
","ibuprofen;heartburn;More common;doctor
","ibuprofen;indigestion;More common;doctor
","ibuprofen;itching skin;More common;doctor
","ibuprofen;pain or discomfort in chest, upper stomach, or throat;More common;doctor
","ibuprofen;pale skin;More common;doctor
","ibuprofen;passing gas;More common;doctor
","ibuprofen;nausea;More common;doctor
","ibuprofen;noisy, rattling breathing;More common;doctor
","ibuprofen;rash with flat lesions or small raised lesions on the skin;More common;doctor
","ibuprofen;shortness of breath;More common;doctor
","ibuprofen;swelling of face, fingers, hands, feet, lower legs, or ankles;More common;doctor
","ibuprofen;troubled breathing at rest;More common;doctor
","ibuprofen;troubled breathing with exertion;More common;doctor
","ibuprofen;unusual bleeding or bruising;More common;doctor
","ibuprofen;unusual tiredness or weakness;More common;doctor
","ibuprofen;vomiting;More common;doctor
","ibuprofen;weight gain;More common;doctor
","ibuprofen;Abdominal cramps;Less common;doctor
","ibuprofen;stomach soreness or discomfort;Less common;doctor
","ibuprofen;Agitation;Rare;doctor
","ibuprofen;back, leg, or stomach pains;Rare;doctor
","ibuprofen;bleeding gums;Rare;doctor
","ibuprofen;blistering, peeling, loosening of skin;Rare;doctor
","ibuprofen;blood in urine or stools;Rare;doctor
","ibuprofen;bloody, black, or tarry stools;Rare;doctor
","ibuprofen;blurred vision;Rare;doctor
","ibuprofen;burning feeling in chest or stomach;Rare;doctor
","ibuprofen;change in vision;Rare;doctor
","ibuprofen;chest pain;Rare;doctor
","ibuprofen;chills;Rare;doctor
","ibuprofen;clay-colored stools;Rare;doctor
","ibuprofen;coma;Rare;doctor
","ibuprofen;confusion;Rare;doctor
","ibuprofen;constipation;Rare;doctor
","ibuprofen;cough or hoarseness;Rare;doctor
","ibuprofen;dark urine;Rare;doctor
","ibuprofen;decreased urine output;Rare;doctor
","ibuprofen;depression;Rare;doctor
","ibuprofen;difficulty breathing;Rare;doctor
","ibuprofen;difficulty swallowing;Rare;doctor
","ibuprofen;dilated neck veins;Rare;doctor
","ibuprofen;dizziness;Rare;doctor
","ibuprofen;dry mouth;Rare;doctor
","ibuprofen;extreme fatigue;Rare;doctor
","ibuprofen;fast, irregular, pounding, or racing heartbeat or pulse;Rare;doctor
","ibuprofen;fever with or without chills;Rare;doctor
","ibuprofen;frequent urination;Rare;doctor
","ibuprofen;general body swelling;Rare;doctor
","ibuprofen;general feeling of tiredness or weakness;Rare;doctor
","ibuprofen;hair loss, thinning of hair;Rare;doctor
","ibuprofen;headache;Rare;doctor
","ibuprofen;hives or welts;Rare;doctor
","ibuprofen;hostility;Rare;doctor
","ibuprofen;impaired vision;Rare;doctor
","ibuprofen;increased blood pressure;Rare;doctor
","ibuprofen;increased volume of pale, dilute urine;Rare;doctor
","ibuprofen;irregular breathing;Rare;doctor
","ibuprofen;irritability;Rare;doctor
","ibuprofen;itching;Rare;doctor
","ibuprofen;joint or muscle pain;Rare;doctor
","ibuprofen;lab results that show problems with liver;Rare;doctor
","ibuprofen;lethargy;Rare;doctor
","ibuprofen;light-colored stools;Rare;doctor
","ibuprofen;loss of appetite;Rare;doctor
","ibuprofen;lower back or side pain;Rare;doctor
","ibuprofen;muscle twitching;Rare;doctor
","ibuprofen;nosebleeds;Rare;doctor
","ibuprofen;painful or difficult urination;Rare;doctor
","ibuprofen;pains in stomach, side, or abdomen, possibly radiating to the back;Rare;doctor
","ibuprofen;pinpoint red spots on skin;Rare;doctor
","ibuprofen;puffiness or swelling of the eyelids or around the eyes, face, lips, or tongue;Rare;doctor
","ibuprofen;rash;Rare;doctor
","ibuprofen;red skin lesions, often with a purple center;Rare;doctor
","ibuprofen;red, irritated eyes;Rare;doctor
","ibuprofen;redness of skin;Rare;doctor
","ibuprofen;seizures;Rare;doctor
","ibuprofen;severe abdominal pain, cramping, burning;Rare;doctor
","ibuprofen;severe and continuing nausea;Rare;doctor
","ibuprofen;sore throat;Rare;doctor
","ibuprofen;sores, ulcers, or white spots in mouth or on lips;Rare;doctor
","ibuprofen;stiff neck or back;Rare;doctor
","ibuprofen;stomach upset;Rare;doctor
","ibuprofen;stupor;Rare;doctor
","ibuprofen;swollen or painful glands;Rare;doctor
","ibuprofen;tenderness in stomach area;Rare;doctor
","ibuprofen;thirst;Rare;doctor
","ibuprofen;tightness in chest;Rare;doctor
","ibuprofen;unpleasant breath odor;Rare;doctor
","ibuprofen;upper right abdominal pain;Rare;doctor
","ibuprofen;vomiting of blood;Rare;doctor
","ibuprofen;vomiting of material that looks like coffee grounds;Rare;doctor
","ibuprofen;wheezing;Rare;doctor
","ibuprofen;yellow eyes and skin;Rare;doctor
","ibuprofen;Bluish lips or skin;Symptoms of overdose;doctor
","ibuprofen;difficulty sleeping;Symptoms of overdose;doctor
","ibuprofen;disorientation;Symptoms of overdose;doctor
","ibuprofen;dizziness, faintness, or lightheadedness when getting up from a lying or sitting position suddenly;Symptoms of overdose;doctor
","ibuprofen;drowsiness to profound coma;Symptoms of overdose;doctor
","ibuprofen;hallucination;Symptoms of overdose;doctor
","ibuprofen;lightheadedness or fainting;Symptoms of overdose;doctor
","ibuprofen;mood or other mental changes;Symptoms of overdose;doctor
","ibuprofen;muscle tremors;Symptoms of overdose;doctor
","ibuprofen;not breathing;Symptoms of overdose;doctor
","ibuprofen;rapid, deep breathing;Symptoms of overdose;doctor
","ibuprofen;restlessness;Symptoms of overdose;doctor
","ibuprofen;slow or irregular heartbeat;Symptoms of overdose;doctor
","ibuprofen;stomach cramps;Symptoms of overdose;doctor
","ibuprofen;sudden fainting;Symptoms of overdose;doctor
","ibuprofen;sweating;Symptoms of overdose;doctor
","ibuprofen;Continuing ringing or buzzing or other unexplained noise in ears;More common;noneed
","ibuprofen;hearing loss;More common;noneed
","ibuprofen;nervousness;More common;noneed
","ibuprofen;Crying;Rare;noneed
","ibuprofen;depersonalization;Rare;noneed
","ibuprofen;discouragement;Rare;noneed
","ibuprofen;dry eyes;Rare;noneed
","ibuprofen;dysphoria;Rare;noneed
","ibuprofen;euphoria;Rare;noneed
","ibuprofen;feeling sad or empty;Rare;noneed
","ibuprofen;lack of appetite;Rare;noneed
","ibuprofen;loss of interest or pleasure;Rare;noneed
","ibuprofen;mental depression;Rare;noneed
","ibuprofen;paranoia;Rare;noneed
","ibuprofen;quick to react or overreact;Rare;noneed
","ibuprofen;rapidly changing moods;Rare;noneed
","ibuprofen;runny nose;Rare;noneed
","ibuprofen;sleepiness or unusual drowsiness;Rare;noneed
","ibuprofen;sleeplessness;Rare;noneed
","ibuprofen;sneezing;Rare;noneed
","ibuprofen;stuffy nose;Rare;noneed
","ibuprofen;trouble concentrating;Rare;noneed
","ibuprofen;trouble sleeping;Rare;noneed
","ibuprofen;unable to sleep;Rare;noneed
"
"naproxen;Belching;More common;doctor
","naproxen;bruising;More common;doctor
","naproxen;difficult or labored breathing;More common;doctor
","naproxen;feeling of indigestion;More common;doctor
","naproxen;headache;More common;doctor
","naproxen;itching skin;More common;doctor
","naproxen;large, flat, blue, or purplish patches in the skin;More common;doctor
","naproxen;pain in the chest below the breastbone;More common;doctor
","naproxen;skin eruptions;More common;doctor
","naproxen;stomach pain;More common;doctor
","naproxen;swelling;More common;doctor
","naproxen;tightness in the chest;More common;doctor
","naproxen;Bloating;Less common;doctor
","naproxen;bloody or black, tarry stools;Less common;doctor
","naproxen;blurred or loss of vision;Less common;doctor
","naproxen;burning upper abdominal or stomach pain;Less common;doctor
","naproxen;cloudy urine;Less common;doctor
","naproxen;constipation;Less common;doctor
","naproxen;decrease in urine output or decrease in urine-concentrating ability;Less common;doctor
","naproxen;disturbed color perception;Less common;doctor
","naproxen;double vision;Less common;doctor
","naproxen;fast, irregular, pounding, or racing heartbeat or pulse;Less common;doctor
","naproxen;halos around lights;Less common;doctor
","naproxen;indigestion;Less common;doctor
","naproxen;loss of appetite;Less common;doctor
","naproxen;nausea or vomiting;Less common;doctor
","naproxen;night blindness;Less common;doctor
","naproxen;overbright appearance of lights;Less common;doctor
","naproxen;pale skin;Less common;doctor
","naproxen;pinpoint red or purple spots on the skin;Less common;doctor
","naproxen;severe and continuing nausea;Less common;doctor
","naproxen;severe stomach burning, cramping, or pain;Less common;doctor
","naproxen;skin rash;Less common;doctor
","naproxen;swelling or inflammation of the mouth;Less common;doctor
","naproxen;troubled breathing with exertion;Less common;doctor
","naproxen;tunnel vision;Less common;doctor
","naproxen;unusual bleeding or bruising;Less common;doctor
","naproxen;unusual tiredness or weakness;Less common;doctor
","naproxen;vomiting of material that looks like coffee grounds;Less common;doctor
","naproxen;weight loss;Less common;doctor
","naproxen;Anxiety;Rare;doctor
","naproxen;back or leg pains;Rare;doctor
","naproxen;bleeding gums;Rare;doctor
","naproxen;blindness;Rare;doctor
","naproxen;blistering, peeling, or loosening of the skin;Rare;doctor
","naproxen;blood in the urine or stools;Rare;doctor
","naproxen;blue lips and fingernails;Rare;doctor
","naproxen;canker sores;Rare;doctor
","naproxen;change in the ability to see colors, especially blue or yellow;Rare;doctor
","naproxen;chest pain or discomfort;Rare;doctor
","naproxen;clay-colored stools;Rare;doctor
","naproxen;cold sweats;Rare;doctor
","naproxen;coma;Rare;doctor
","naproxen;confusion;Rare;doctor
","naproxen;cool, pale skin;Rare;doctor
","naproxen;cough or hoarseness;Rare;doctor
","naproxen;coughing that sometimes produces a pink frothy sputum;Rare;doctor
","naproxen;cracks in the skin;Rare;doctor
","naproxen;darkened urine;Rare;doctor
","naproxen;decreased vision;Rare;doctor
","naproxen;depression;Rare;doctor
","naproxen;diarrhea;Rare;doctor
","naproxen;difficult, burning, or painful urination;Rare;doctor
","naproxen;difficult, fast, or noisy breathing;Rare;doctor
","naproxen;difficulty with swallowing;Rare;doctor
","naproxen;dilated neck veins;Rare;doctor
","naproxen;dizziness;Rare;doctor
","naproxen;dry cough;Rare;doctor
","naproxen;dry mouth;Rare;doctor
","naproxen;early appearance of redness, or swelling of the skin;Rare;doctor
","naproxen;excess air or gas in the stomach;Rare;doctor
","naproxen;extreme fatigue;Rare;doctor
","naproxen;eye pain;Rare;doctor
","naproxen;fainting;Rare;doctor
","naproxen;fever with or without chills;Rare;doctor
","naproxen;fluid-filled skin blisters;Rare;doctor
","naproxen;flushed, dry skin;Rare;doctor
","naproxen;frequent urination;Rare;doctor
","naproxen;fruit-like breath odor;Rare;doctor
","naproxen;greatly decreased frequency of urination or amount of urine;Rare;doctor
","naproxen;hair loss;Rare;doctor
","naproxen;high fever;Rare;doctor
","naproxen;hives;Rare;doctor
","naproxen;increased hunger;Rare;doctor
","naproxen;increased sensitivity of the skin to sunlight;Rare;doctor
","naproxen;increased sweating;Rare;doctor
","naproxen;increased thirst;Rare;doctor
","naproxen;increased urination;Rare;doctor
","naproxen;increased volume of pale, dilute urine;Rare;doctor
","naproxen;irregular breathing;Rare;doctor
","naproxen;joint or muscle pain;Rare;doctor
","naproxen;large, hive-like swelling on the face, eyelids, lips, tongue, throat, hands, legs, feet, or sex organs;Rare;doctor
","naproxen;late appearance of rash with or without weeping blisters that become crusted, especially in sun-exposed areas of skin, may extend to unexposed areas;Rare;doctor
","naproxen;light-colored stools;Rare;doctor
","naproxen;lightheadedness;Rare;doctor
","naproxen;loss of heat from the body;Rare;doctor
","naproxen;lower back or side pain;Rare;doctor
","naproxen;nervousness;Rare;doctor
","naproxen;nightmares;Rare;doctor
","naproxen;no blood pressure;Rare;doctor
","naproxen;no breathing;Rare;doctor
","naproxen;no pulse;Rare;doctor
","naproxen;nosebleeds;Rare;doctor
","naproxen;numbness or tingling in the hands, feet, or lips;Rare;doctor
","naproxen;pain in the ankles or knees;Rare;doctor
","naproxen;pain or burning in the throat;Rare;doctor
","naproxen;pain or discomfort in the arms, jaw, back, or neck;Rare;doctor
","naproxen;painful, red lumps under the skin, mostly on the legs;Rare;doctor
","naproxen;pains in the stomach, side, or abdomen, possibly radiating to the back;Rare;doctor
","naproxen;pale or blue lips, fingernails, or skin;Rare;doctor
","naproxen;pounding in the ears;Rare;doctor
","naproxen;puffiness or swelling of the eyelids or around the eyes, face, lips, or tongue;Rare;doctor
","naproxen;rapid, shallow breathing;Rare;doctor
","naproxen;red, irritated eyes;Rare;doctor
","naproxen;red skin lesions, often with a purple center;Rare;doctor
","naproxen;red-green color blindness;Rare;doctor
","naproxen;redness or other discoloration of the skin;Rare;doctor
","naproxen;redness, swelling, or soreness of the tongue;Rare;doctor
","naproxen;scaly skin;Rare;doctor
","naproxen;seizures;Rare;doctor
","naproxen;severe sunburn;Rare;doctor
","naproxen;shakiness;Rare;doctor
","naproxen;skin thinness;Rare;doctor
","naproxen;slurred speech;Rare;doctor
","naproxen;sneezing;Rare;doctor
","naproxen;sore throat;Rare;doctor
","naproxen;sores, ulcers, or white spots on the lips or tongue or inside the mouth;Rare;doctor
","naproxen;sores, welting, or blisters;Rare;doctor
","naproxen;spots on your skin resembling a blister or pimple;Rare;doctor
","naproxen;stiff neck or back;Rare;doctor
","naproxen;stomach cramps or tenderness;Rare;doctor
","naproxen;stomach upset;Rare;doctor
","naproxen;swelling in the legs and ankles;Rare;doctor
","naproxen;swelling of the face, fingers, feet, or lower legs;Rare;doctor
","naproxen;swollen, painful, or tender lymph glands in the neck, armpit, or groin;Rare;doctor
","naproxen;tiny bumps on the inner lining of the eyelid;Rare;doctor
","naproxen;unexplained weight loss;Rare;doctor
","naproxen;unpleasant breath odor;Rare;doctor
","naproxen;watery or bloody diarrhea;Rare;doctor
","naproxen;weakness or heaviness of the legs;Rare;doctor
","naproxen;weight gain;Rare;doctor
","naproxen;yellow eyes or skin;Rare;doctor
","naproxen;Bleeding under the skin;Get emergency help immediately if any of the following symptoms of overdose occur while taking naproxen:;doctor
","naproxen;confusion about identity, place, and time;Get emergency help immediately if any of the following symptoms of overdose occur while taking naproxen:;doctor
","naproxen;muscle tremors;Get emergency help immediately if any of the following symptoms of overdose occur while taking naproxen:;doctor
","naproxen;restlessness;Get emergency help immediately if any of the following symptoms of overdose occur while taking naproxen:;doctor
","naproxen;sleepiness;Get emergency help immediately if any of the following symptoms of overdose occur while taking naproxen:;doctor
","naproxen;Continuing ringing or buzzing or other unexplained noise in the ears;More common;noneed
","naproxen;hearing loss;More common;noneed
","naproxen;Acid or sour stomach;Less common;noneed
","naproxen;change in hearing;Less common;noneed
","naproxen;feeling of constant movement of self or surroundings;Less common;noneed
","naproxen;passing gas;Less common;noneed
","naproxen;sensation of spinning;Less common;noneed
","naproxen;stomach soreness or discomfort;Less common;noneed
","naproxen;Appetite changes;Rare;noneed
","naproxen;burning, crawling, itching, numbness, prickling, ""pins and needles"", or tingling feelings;Rare;noneed
","naproxen;burning, dry, or itching eyes;Rare;noneed
","naproxen;difficulty with moving;Rare;noneed
","naproxen;discharge, excessive tearing;Rare;noneed
","naproxen;general feeling of discomfort or illness;Rare;noneed
","naproxen;lack or loss of strength;Rare;noneed
","naproxen;menstrual changes;Rare;noneed
","naproxen;muscle aching, cramping, stiffness, or weakness;Rare;noneed
","naproxen;not able to concentrate;Rare;noneed
","naproxen;redness, pain, or swelling of the eye, eyelid, or inner lining of the eyelid;Rare;noneed
","naproxen;seeing, hearing, or feeling things that are not there;Rare;noneed
","naproxen;shakiness in the legs, arms, hands, or feet;Rare;noneed
","naproxen;swollen joints;Rare;noneed
","naproxen;trembling or shaking of the hands or feet;Rare;noneed
","naproxen;trouble getting pregnant;Rare;noneed
","naproxen;trouble performing routine tasks;Rare;noneed
","naproxen;trouble sleeping;Rare;noneed
","naproxen;unusual drowsiness, dullness, or feeling of sluggishness;Rare;noneed
"
"meloxicam;Arm, back, or jaw pain;Less common;doctor
","meloxicam;bleeding gums;Less common;doctor
","meloxicam;bloating;Less common;doctor
","meloxicam;blood in the urine;Less common;doctor
","meloxicam;blurred vision;Less common;doctor
","meloxicam;burning upper abdominal or stomach pain;Less common;doctor
","meloxicam;canker sores;Less common;doctor
","meloxicam;chest tightness or heaviness;Less common;doctor
","meloxicam;chills;Less common;doctor
","meloxicam;cloudy urine;Less common;doctor
","meloxicam;cough;Less common;doctor
","meloxicam;cramping;Less common;doctor
","meloxicam;dark urine;Less common;doctor
","meloxicam;decreased frequency or amount of urine;Less common;doctor
","meloxicam;difficult or labored breathing;Less common;doctor
","meloxicam;dilated neck veins;Less common;doctor
","meloxicam;dizziness;Less common;doctor
","meloxicam;dizziness, faintness, or lightheadedness when getting up suddenly from a lying or sitting position;Less common;doctor
","meloxicam;general tiredness and weakness;Less common;doctor
","meloxicam;headache;Less common;doctor
","meloxicam;hives or welts;Less common;doctor
","meloxicam;increased blood pressure;Less common;doctor
","meloxicam;increased sensitivity of the skin to sunlight;Less common;doctor
","meloxicam;increased thirst;Less common;doctor
","meloxicam;irregular breathing;Less common;doctor
","meloxicam;itching, redness, or other discoloration of the skin;Less common;doctor
","meloxicam;large, hive-like swelling on the face, eyelids, lips, tongue, throat, hands, legs, feet, or sex organs;Less common;doctor
","meloxicam;light-colored stools;Less common;doctor
","meloxicam;loss of appetite;Less common;doctor
","meloxicam;lower side or back pain;Less common;doctor
","meloxicam;noisy breathing;Less common;doctor
","meloxicam;pain or discomfort in the arms, jaw, back, or neck;Less common;doctor
","meloxicam;painful or difficult urination;Less common;doctor
","meloxicam;pains in the stomach, side, or abdomen, possibly radiating to the back;Less common;doctor
","meloxicam;pinpoint red or purple spots on the skin;Less common;doctor
","meloxicam;pounding in the ears;Less common;doctor
","meloxicam;redness, soreness, or itching skin;Less common;doctor
","meloxicam;seizures;Less common;doctor
","meloxicam;severe and continuing nausea;Less common;doctor
","meloxicam;severe sunburn;Less common;doctor
","meloxicam;shakiness in the legs, arms, hands, or feet;Less common;doctor
","meloxicam;skin blisters;Less common;doctor
","meloxicam;sore throat;Less common;doctor
","meloxicam;sores, ulcers, or white spots on the lips or tongue or inside the mouth;Less common;doctor
","meloxicam;sores, welting, or blisters;Less common;doctor
","meloxicam;stomach bloating, burning, cramping, tenderness, or pain;Less common;doctor
","meloxicam;sweating;Less common;doctor
","meloxicam;swelling or puffiness of the face;Less common;doctor
","meloxicam;swollen glands;Less common;doctor
","meloxicam;trembling or shaking of the hands or feet;Less common;doctor
","meloxicam;trouble breathing;Less common;doctor
","meloxicam;unusual bleeding or bruising;Less common;doctor
","meloxicam;upper right abdominal or stomach pain;Less common;doctor
","meloxicam;watery or bloody diarrhea;Less common;doctor
","meloxicam;weight gain or loss;Less common;doctor
","meloxicam;yellow eyes or skin;Less common;doctor
","meloxicam;Area rash;Rare;doctor
","meloxicam;blistering, peeling, or loosening of the skin;Rare;doctor
","meloxicam;bloody or black, tarry stools;Rare;doctor
","meloxicam;clay-colored stools;Rare;doctor
","meloxicam;cold, clammy skin;Rare;doctor
","meloxicam;continuing vomiting;Rare;doctor
","meloxicam;cough or hoarseness;Rare;doctor
","meloxicam;cracks in the skin;Rare;doctor
","meloxicam;difficulty with swallowing;Rare;doctor
","meloxicam;fast, weak pulse;Rare;doctor
","meloxicam;fever with or without chills;Rare;doctor
","meloxicam;greatly decreased frequency of urination or amount of urine;Rare;doctor
","meloxicam;joint or muscle pain;Rare;doctor
","meloxicam;lightheadedness;Rare;doctor
","meloxicam;loss of heat from the body;Rare;doctor
","meloxicam;puffiness or swelling of the eyelids or around the eyes, face, lips, or tongue;Rare;doctor
","meloxicam;red skin lesions, often with a purple center;Rare;doctor
","meloxicam;red, irritated eyes;Rare;doctor
","meloxicam;red, swollen skin;Rare;doctor
","meloxicam;scaly skin;Rare;doctor
","meloxicam;severe stomach pain;Rare;doctor
","meloxicam;tightness in the chest;Rare;doctor
","meloxicam;unpleasant breath odor;Rare;doctor
","meloxicam;unusual tiredness or weakness;Rare;doctor
","meloxicam;vomiting of blood or material that looks like coffee grounds;Rare;doctor
","meloxicam;Difficulty with speaking;Incidence not known;doctor
","meloxicam;double vision;Incidence not known;doctor
","meloxicam;inability to move the arms, legs, or facial muscles;Incidence not known;doctor
","meloxicam;inability to speak;Incidence not known;doctor
","meloxicam;pains in the chest, groin or legs, especially the calves;Incidence not known;doctor
","meloxicam;severe headaches of sudden onset;Incidence not known;doctor
","meloxicam;slow speech;Incidence not known;doctor
","meloxicam;sudden loss of coordination;Incidence not known;doctor
","meloxicam;sudden onset of shortness of breath for no apparent reason;Incidence not known;doctor
","meloxicam;sudden onset of slurred speech;Incidence not known;doctor
","meloxicam;sudden vision changes;Incidence not known;doctor
","meloxicam;Blue lips, fingernails, or skin;Get emergency help immediately if any of the following symptoms of overdose occur while taking meloxicam:;doctor
","meloxicam;convulsions (seizures);Get emergency help immediately if any of the following symptoms of overdose occur while taking meloxicam:;doctor
","meloxicam;pain in the chest, upper stomach, or throat;Get emergency help immediately if any of the following symptoms of overdose occur while taking meloxicam:;doctor
","meloxicam;severe stomach pain;Get emergency help immediately if any of the following symptoms of overdose occur while taking meloxicam:;doctor
","meloxicam;skin rash;Get emergency help immediately if any of the following symptoms of overdose occur while taking meloxicam:;doctor
","meloxicam;slow or fast heartbeat;Get emergency help immediately if any of the following symptoms of overdose occur while taking meloxicam:;doctor
","meloxicam;swelling around the eyes, face, lips, or tongue;Get emergency help immediately if any of the following symptoms of overdose occur while taking meloxicam:;doctor
","meloxicam;weight gain (rapid);Get emergency help immediately if any of the following symptoms of overdose occur while taking meloxicam:;doctor
","meloxicam;Diarrhea;More common;noneed
","meloxicam;gas;More common;noneed
","meloxicam;heartburn;More common;noneed
","meloxicam;indigestion;More common;noneed
","meloxicam;Abdominal or stomach pain;Less common or rare;noneed
","meloxicam;abnormal dreaming;Less common or rare;noneed
","meloxicam;anxiety;Less common or rare;noneed
","meloxicam;appetite increased;Less common or rare;noneed
","meloxicam;bad, unusual, or unpleasant after taste;Less common or rare;noneed
","meloxicam;belching;Less common or rare;noneed
","meloxicam;bloated or full feeling;Less common or rare;noneed
","meloxicam;burning feeling in the chest or stomach;Less common or rare;noneed
","meloxicam;burning, crawling, itching, numbness, prickling, ""pins and needles"", or tingling feelings;Less common or rare;noneed
","meloxicam;burning, dry, or itching eyes;Less common or rare;noneed
","meloxicam;change in taste;Less common or rare;noneed
","meloxicam;changes in vision;Less common or rare;noneed
","meloxicam;confusion;Less common or rare;noneed
","meloxicam;constipation;Less common or rare;noneed
","meloxicam;continuing ringing or buzzing or other unexplained noise in the ears;Less common or rare;noneed
","meloxicam;decreased urination;Less common or rare;noneed
","meloxicam;discharge;Less common or rare;noneed
","meloxicam;discouragement;Less common or rare;noneed
","meloxicam;dry mouth;Less common or rare;noneed
","meloxicam;excess air or gas in the stomach;Less common or rare;noneed
","meloxicam;excessive tearing;Less common or rare;noneed
","meloxicam;feeling of constant movement of self or surroundings;Less common or rare;noneed
","meloxicam;feeling sad or empty;Less common or rare;noneed
","meloxicam;general feeling of discomfort or illness;Less common or rare;noneed
","meloxicam;hair loss;Less common or rare;noneed
","meloxicam;hearing loss;Less common or rare;noneed
","meloxicam;hot flushes;Less common or rare;noneed
","meloxicam;irritability;Less common or rare;noneed
","meloxicam;loss of interest or pleasure;Less common or rare;noneed
","meloxicam;nausea or vomiting;Less common or rare;noneed
","meloxicam;nervousness;Less common or rare;noneed
","meloxicam;pain or burning in the throat;Less common or rare;noneed
","meloxicam;rapid breathing;Less common or rare;noneed
","meloxicam;redness, pain, or swelling of the eye, eyelid, or inner lining of the eyelid;Less common or rare;noneed
","meloxicam;sensation of spinning;Less common or rare;noneed
","meloxicam;sleepiness;Less common or rare;noneed
","meloxicam;stomach upset;Less common or rare;noneed
","meloxicam;sunken eyes;Less common or rare;noneed
","meloxicam;tenderness in the stomach area;Less common or rare;noneed
","meloxicam;thinning of the hair;Less common or rare;noneed
","meloxicam;thirst;Less common or rare;noneed
","meloxicam;tiredness;Less common or rare;noneed
","meloxicam;trouble concentrating;Less common or rare;noneed
","meloxicam;trouble sleeping;Less common or rare;noneed
","meloxicam;wrinkled skin;Less common or rare;noneed
"
"celecoxib;Cough;More common;doctor
","celecoxib;fever;More common;doctor
","celecoxib;skin rash;More common;doctor
","celecoxib;sneezing;More common;doctor
","celecoxib;sore throat;More common;doctor
","celecoxib;swelling of the face, fingers, feet, or lower legs;More common;doctor
","celecoxib;Abnormal growth in the breast;Less common or rare;doctor
","celecoxib;arm, back, or jaw pain;Less common or rare;doctor
","celecoxib;bloody or black, tarry stools;Less common or rare;doctor
","celecoxib;blurred vision;Less common or rare;doctor
","celecoxib;burning feeling in the chest or stomach;Less common or rare;doctor
","celecoxib;burning or stinging of the skin;Less common or rare;doctor
","celecoxib;burning, tingling, numbness, or pain in the hands, arms, feet, or legs;Less common or rare;doctor
","celecoxib;chest pain or discomfort;Less common or rare;doctor
","celecoxib;chest tightness or heaviness;Less common or rare;doctor
","celecoxib;chills;Less common or rare;doctor
","celecoxib;confusion;Less common or rare;doctor
","celecoxib;congestion in the chest;Less common or rare;doctor
","celecoxib;cramps;Less common or rare;doctor
","celecoxib;diarrhea;Less common or rare;doctor
","celecoxib;dry mouth;Less common or rare;doctor
","celecoxib;earache;Less common or rare;doctor
","celecoxib;fast or irregular heartbeat;Less common or rare;doctor
","celecoxib;heartburn;Less common or rare;doctor
","celecoxib;heavy bleeding;Less common or rare;doctor
","celecoxib;heavy non-menstrual vaginal bleeding;Less common or rare;doctor
","celecoxib;high blood pressure;Less common or rare;doctor
","celecoxib;increased hunger;Less common or rare;doctor
","celecoxib;increased thirst;Less common or rare;doctor
","celecoxib;increased urination;Less common or rare;doctor
","celecoxib;loss of appetite;Less common or rare;doctor
","celecoxib;loss of consciousness;Less common or rare;doctor
","celecoxib;muscle aches and pains;Less common or rare;doctor
","celecoxib;nausea;Less common or rare;doctor
","celecoxib;nerve pain;Less common or rare;doctor
","celecoxib;painful blisters on the trunk of body;Less common or rare;doctor
","celecoxib;painful cold sores or blisters on the lips, nose, eyes, or genitals;Less common or rare;doctor
","celecoxib;pale skin;Less common or rare;doctor
","celecoxib;redness or swelling in the ear;Less common or rare;doctor
","celecoxib;sensation of pins and needles;Less common or rare;doctor
","celecoxib;soreness or redness around the fingernails and toenails;Less common or rare;doctor
","celecoxib;stabbing pain;Less common or rare;doctor
","celecoxib;stiff neck;Less common or rare;doctor
","celecoxib;stomachache;Less common or rare;doctor
","celecoxib;stomach pain (severe);Less common or rare;doctor
","celecoxib;sweating;Less common or rare;doctor
","celecoxib;tenderness in the stomach area;Less common or rare;doctor
","celecoxib;troubled breathing with exertion;Less common or rare;doctor
","celecoxib;unexplained weight loss;Less common or rare;doctor
","celecoxib;unusual bleeding or bruising;Less common or rare;doctor
","celecoxib;unusual tiredness or weakness;Less common or rare;doctor
","celecoxib;unusual weight gain;Less common or rare;doctor
","celecoxib;vomiting;Less common or rare;doctor
","celecoxib;vomiting of blood or material that looks like coffee grounds;Less common or rare;doctor
","celecoxib;weakness;Less common or rare;doctor
","celecoxib;wheezing;Less common or rare;doctor
","celecoxib;Area rash;Incidence not known;doctor
","celecoxib;changes in skin color;Incidence not known;doctor
","celecoxib;clay-colored stools;Incidence not known;doctor
","celecoxib;dilated neck veins;Incidence not known;doctor
","celecoxib;light-colored stools;Incidence not known;doctor
","celecoxib;pale or a bluish color skin of the fingers or toes;Incidence not known;doctor
","celecoxib;seizures;Incidence not known;doctor
","celecoxib;slurred speech;Incidence not known;doctor
","celecoxib;sores, welting, or blisters;Incidence not known;doctor
","celecoxib;sudden and severe inability to speak;Incidence not known;doctor
","celecoxib;unpleasant breath odor;Incidence not known;doctor
","celecoxib;weakness in the arm or leg on one side of the body;Incidence not known;doctor
","celecoxib;yellow eyes and skin;Incidence not known;doctor
","celecoxib;Continuing thirst;Get emergency help immediately if any of the following symptoms of overdose occur while taking celecoxib:;doctor
","celecoxib;dizziness;Get emergency help immediately if any of the following symptoms of overdose occur while taking celecoxib:;doctor
","celecoxib;drowsiness;Get emergency help immediately if any of the following symptoms of overdose occur while taking celecoxib:;doctor
","celecoxib;headache, severe or continuing;Get emergency help immediately if any of the following symptoms of overdose occur while taking celecoxib:;doctor
","celecoxib;shortness of breath;Get emergency help immediately if any of the following symptoms of overdose occur while taking celecoxib:;doctor
","celecoxib;sudden decrease in the amount of urine;Get emergency help immediately if any of the following symptoms of overdose occur while taking celecoxib:;doctor
","celecoxib;troubled breathing;Get emergency help immediately if any of the following symptoms of overdose occur while taking celecoxib:;doctor
","celecoxib;weight gain;Get emergency help immediately if any of the following symptoms of overdose occur while taking celecoxib:;doctor
","celecoxib;Back pain;More common;noneed
","celecoxib;gas;More common;noneed
","celecoxib;headache;More common;noneed
","celecoxib;heartburn;More common;noneed
","celecoxib;inability to sleep;More common;noneed
","celecoxib;pain or burning in the throat;More common;noneed
","celecoxib;stuffy or runny nose;More common;noneed
","celecoxib;Anxiety;Less common;noneed
","celecoxib;bleeding after defecation;Less common;noneed
","celecoxib;bloody or cloudy urine;Less common;noneed
","celecoxib;breast pain;Less common;noneed
","celecoxib;bone deformity;Less common;noneed
","celecoxib;buzzing or ringing noise in the ears;Less common;noneed
","celecoxib;change in sense of taste;Less common;noneed
","celecoxib;constipation;Less common;noneed
","celecoxib;decrease in height;Less common;noneed
","celecoxib;decreased appetite;Less common;noneed
","celecoxib;depression;Less common;noneed
","celecoxib;difficult, burning, or painful urination;Less common;noneed
","celecoxib;difficulty with moving or walking;Less common;noneed
","celecoxib;difficulty with swallowing;Less common;noneed
","celecoxib;excessive muscle tone, muscle tension, or tightness;Less common;noneed
","celecoxib;excessive tearing;Less common;noneed
","celecoxib;feeling of pressure;Less common;noneed
","celecoxib;hair loss;Less common;noneed
","celecoxib;hives;Less common;noneed
","celecoxib;hoarseness;Less common;noneed
","celecoxib;increased sweating;Less common;noneed
","celecoxib;infection;Less common;noneed
","celecoxib;inflammation;Less common;noneed
","celecoxib;itching, lumps, numbness, pain, rash, redness, scarring, soreness, stinging, swelling, tenderness, tingling, ulceration, or warmth at site;Less common;noneed
","celecoxib;itching of the vagina or genital area;Less common;noneed
","celecoxib;joint or muscle pain or stiffness;Less common;noneed
","celecoxib;large, flat, blue, or purplish patches in the skin;Less common;noneed
","celecoxib;loss of energy or weakness;Less common;noneed
","celecoxib;loss of hearing;Less common;noneed
","celecoxib;muscle pain increased;Less common;noneed
","celecoxib;muscle stiffness;Less common;noneed
","celecoxib;nervousness;Less common;noneed
","celecoxib;numbness or tingling in the fingers or toes;Less common;noneed
","celecoxib;pain during sexual intercourse;Less common;noneed
","celecoxib;pain in the back, ribs, arms, or legs;Less common;noneed
","celecoxib;pounding heartbeat;Less common;noneed
","celecoxib;puffiness or swelling of the eyelids or around the eyes, face, lips, or tongue;Less common;noneed
","celecoxib;redness or swelling in the arms or legs;Less common;noneed
","celecoxib;sensitivity of the skin to sunlight;Less common;noneed
","celecoxib;severe sunburn;Less common;noneed
","celecoxib;sleepiness;Less common;noneed
","celecoxib;straining while passing stool;Less common;noneed
","celecoxib;sudden sweating and feelings of warmth;Less common;noneed
","celecoxib;swelling;Less common;noneed
","celecoxib;swelling or inflammation of the mouth;Less common;noneed
","celecoxib;tenderness;Less common;noneed
","celecoxib;thick, white vaginal discharge with no odor or with a mild odor;Less common;noneed
","celecoxib;thinning of the hair;Less common;noneed
","celecoxib;trouble with swallowing;Less common;noneed
","celecoxib;troubled breathing;Less common;noneed
","celecoxib;uncomfortable swelling around anus;Less common;noneed
","celecoxib;unexplained weight loss;Less common;noneed
","celecoxib;voice changes;Less common;noneed
","celecoxib;warmth on the skin;Less common;noneed
","celecoxib;weakness or heaviness of the legs;Less common;noneed
","celecoxib;Bleeding gums;Incidence not known;noneed
","celecoxib;blistering, peeling, or loosening of the skin;Incidence not known;noneed
","celecoxib;bloating;Incidence not known;noneed
","celecoxib;large, hive-like swelling on the face, eyelids, lips, tongue, throat, hands, legs, feet, or sex organs;Incidence not known;noneed
","celecoxib;loss of sense of smell;Incidence not known;noneed
","celecoxib;pain;Incidence not known;noneed
","celecoxib;pinpoint red spots on the skin;Incidence not known;noneed
","celecoxib;red or irritated eyes;Incidence not known;noneed
","celecoxib;red skin lesions, often with a purple center;Incidence not known;noneed
","celecoxib;shakiness and unsteady walk;Incidence not known;noneed
","celecoxib;sores, ulcers, or white spots in the mouth or on the lips;Incidence not known;noneed
","celecoxib;stomach cramps;Incidence not known;noneed
","celecoxib;swelling of the neck;Incidence not known;noneed
","celecoxib;tenderness;Incidence not known;noneed
","celecoxib;trembling, or other problems with muscle control or coordination;Incidence not known;noneed
","celecoxib;unsteadiness;Incidence not known;noneed
","celecoxib;watery or bloody diarrhea;Incidence not known;noneed
"
"morphine;Abdominal or stomach pain;Less common;doctor
","morphine;blurred vision;Less common;doctor
","morphine;bulging soft spot on the head of an infant;Less common;doctor
","morphine;burning, crawling, itching, numbness, prickling, ""pins and needles"", or tingling feelings;Less common;doctor
","morphine;change in the ability to see colors, especially blue or yellow;Less common;doctor
","morphine;chest pain or discomfort;Less common;doctor
","morphine;confusion;Less common;doctor
","morphine;cough;Less common;doctor
","morphine;decreased urination;Less common;doctor
","morphine;dizziness, faintness, or lightheadedness when getting up suddenly from a lying or sitting position;Less common;doctor
","morphine;fainting;Less common;doctor
","morphine;fast, pounding, or irregular heartbeat or pulse;Less common;doctor
","morphine;headache;Less common;doctor
","morphine;hives, itching, or skin rash;Less common;doctor
","morphine;increased sweating;Less common;doctor
","morphine;loss of appetite;Less common;doctor
","morphine;nausea or vomiting;Less common;doctor
","morphine;nervousness;Less common;doctor
","morphine;pounding in the ears;Less common;doctor
","morphine;puffiness or swelling of the eyelids or around the eyes, face, lips, or tongue;Less common;doctor
","morphine;severe constipation;Less common;doctor
","morphine;severe vomiting;Less common;doctor
","morphine;shakiness in the legs, arms, hands, or feet;Less common;doctor
","morphine;slow heartbeat;Less common;doctor
","morphine;sweating or chills;Less common;doctor
","morphine;Black, tarry stools;Incidence not known;doctor
","morphine;cold, clammy skin;Incidence not known;doctor
","morphine;feeling of warmth or heat;Incidence not known;doctor
","morphine;flushing or redness of the skin, especially on the face and neck;Incidence not known;doctor
","morphine;irregular, fast or slow, or shallow breathing;Incidence not known;doctor
","morphine;lightheadedness;Incidence not known;doctor
","morphine;loss of consciousness;Incidence not known;doctor
","morphine;low blood pressure or pulse;Incidence not known;doctor
","morphine;painful urination;Incidence not known;doctor
","morphine;pale or blue lips, fingernails, or skin;Incidence not known;doctor
","morphine;pale skin;Incidence not known;doctor
","morphine;pinpoint red spots on the skin;Incidence not known;doctor
","morphine;pounding in the ears;Incidence not known;doctor
","morphine;shakiness and unsteady walk;Incidence not known;doctor
","morphine;unsteadiness, trembling, or other problems with muscle control or coordination;Incidence not known;doctor
","morphine;unusual bleeding or bruising;Incidence not known;doctor
","morphine;very slow heartbeat;Incidence not known;doctor
","morphine;Constricted, pinpoint, or small pupils (black part of the eye);Get emergency help immediately if any of the following symptoms of overdose occur while taking morphine:;doctor
","morphine;decreased awareness or responsiveness;Get emergency help immediately if any of the following symptoms of overdose occur while taking morphine:;doctor
","morphine;extreme drowsiness;Get emergency help immediately if any of the following symptoms of overdose occur while taking morphine:;doctor
","morphine;fever;Get emergency help immediately if any of the following symptoms of overdose occur while taking morphine:;doctor
","morphine;increased blood pressure;Get emergency help immediately if any of the following symptoms of overdose occur while taking morphine:;doctor
","morphine;increased thirst;Get emergency help immediately if any of the following symptoms of overdose occur while taking morphine:;doctor
","morphine;lower back or side pain;Get emergency help immediately if any of the following symptoms of overdose occur while taking morphine:;doctor
","morphine;muscle cramps or spasms;Get emergency help immediately if any of the following symptoms of overdose occur while taking morphine:;doctor
","morphine;muscle pain or stiffness;Get emergency help immediately if any of the following symptoms of overdose occur while taking morphine:;doctor
","morphine;no muscle tone or movement;Get emergency help immediately if any of the following symptoms of overdose occur while taking morphine:;doctor
","morphine;severe sleepiness;Get emergency help immediately if any of the following symptoms of overdose occur while taking morphine:;doctor
","morphine;swelling of the face, fingers, or lower legs;Get emergency help immediately if any of the following symptoms of overdose occur while taking morphine:;doctor
","morphine;weight gain;Get emergency help immediately if any of the following symptoms of overdose occur while taking morphine:;doctor
","morphine;Cramps;More common;noneed
","morphine;difficulty having a bowel movement (stool);More common;noneed
","morphine;drowsiness;More common;noneed
","morphine;false or unusual sense of well-being;More common;noneed
","morphine;relaxed and calm feeling;More common;noneed
","morphine;sleepiness or unusual drowsiness;More common;noneed
","morphine;weight loss;More common;noneed
","morphine;Absent, missed, or irregular menstrual periods;Less common;noneed
","morphine;agitation;Less common;noneed
","morphine;bad, unusual, or unpleasant (after) taste;Less common;noneed
","morphine;change in vision;Less common;noneed
","morphine;depression;Less common;noneed
","morphine;dry mouth;Less common;noneed
","morphine;face is warm or hot to touch;Less common;noneed
","morphine;floating feeling;Less common;noneed
","morphine;halos around lights;Less common;noneed
","morphine;heartburn or indigestion;Less common;noneed
","morphine;loss in sexual ability, desire, drive, or performance;Less common;noneed
","morphine;muscle stiffness or tightness;Less common;noneed
","morphine;night blindness;Less common;noneed
","morphine;overbright appearance of lights;Less common;noneed
","morphine;problems with muscle control;Less common;noneed
","morphine;redness of the skin;Less common;noneed
","morphine;skin rash;Less common;noneed
","morphine;stomach discomfort or upset;Less common;noneed
","morphine;trouble sleeping;Less common;noneed
","morphine;uncontrolled eye movements;Less common;noneed
","morphine;Abnormal dreams;Incidence not known;noneed
","morphine;change in walking and balance;Incidence not known;noneed
","morphine;change or problem with discharge of semen;Incidence not known;noneed
","morphine;clumsiness or unsteadiness;Incidence not known;noneed
","morphine;confusion as to time, place, or person;Incidence not known;noneed
","morphine;delusions;Incidence not known;noneed
","morphine;dementia;Incidence not known;noneed
","morphine;feeling of constant movement of self or surroundings;Incidence not known;noneed
","morphine;general feeling of discomfort or illness;Incidence not known;noneed
","morphine;holding false beliefs that cannot be changed by fact;Incidence not known;noneed
","morphine;problems with memory;Incidence not known;noneed
","morphine;seeing, hearing, or feeling things that are not there;Incidence not known;noneed
","morphine;sensation of spinning;Incidence not known;noneed
","morphine;unusual excitement, nervousness, or restlessness;Incidence not known;noneed
"
"oxycodone;Chills;Less common;doctor
","oxycodone;cold sweats;Less common;doctor
","oxycodone;confusion;Less common;doctor
","oxycodone;difficult or labored breathing;Less common;doctor
","oxycodone;dizziness, faintness, or lightheadedness when getting up suddenly from a lying or sitting position;Less common;doctor
","oxycodone;fever;Less common;doctor
","oxycodone;tightness in the chest;Less common;doctor
","oxycodone;twitching;Less common;doctor
","oxycodone;Abdominal or stomach pain;Rare;doctor
","oxycodone;bloating or swelling of the face, arms, hands, lower legs, or feet;Rare;doctor
","oxycodone;blood in the urine;Rare;doctor
","oxycodone;burning while urinating burning, crawling, itching, numbness, prickling, ""pins and needles"", or tingling feelings;Rare;doctor
","oxycodone;chest pain;Rare;doctor
","oxycodone;convulsions;Rare;doctor
","oxycodone;cough;Rare;doctor
","oxycodone;decrease in the frequency of urination;Rare;doctor
","oxycodone;decrease in urine volume;Rare;doctor
","oxycodone;decreased urine output;Rare;doctor
","oxycodone;difficult or painful urination;Rare;doctor
","oxycodone;difficulty in passing urine (dribbling);Rare;doctor
","oxycodone;difficulty with swallowing;Rare;doctor
","oxycodone;dizziness;Rare;doctor
","oxycodone;dry mouth;Rare;doctor
","oxycodone;fainting;Rare;doctor
","oxycodone;fast, irregular, pounding, or racing heartbeat or pulse;Rare;doctor
","oxycodone;feeling of warmth or heat;Rare;doctor
","oxycodone;flushing or redness of the skin, especially on the face and neck;Rare;doctor
","oxycodone;frequent urination;Rare;doctor
","oxycodone;headache;Rare;doctor
","oxycodone;hives, itching, or skin rash;Rare;doctor
","oxycodone;increase in heart rate;Rare;doctor
","oxycodone;increased thirst;Rare;doctor
","oxycodone;increased volume of pale, dilute urine;Rare;doctor
","oxycodone;lightheadedness;Rare;doctor
","oxycodone;muscle pain or cramps;Rare;doctor
","oxycodone;nausea or vomiting;Rare;doctor
","oxycodone;puffiness or swelling of the eyelids or around the eyes, face, lips, or tongue;Rare;doctor
","oxycodone;rapid breathing;Rare;doctor
","oxycodone;rapid weight gain;Rare;doctor
","oxycodone;severe constipation;Rare;doctor
","oxycodone;severe vomiting;Rare;doctor
","oxycodone;shakiness in the legs, arms, hands, or feet;Rare;doctor
","oxycodone;sunken eyes;Rare;doctor
","oxycodone;sweating;Rare;doctor
","oxycodone;swelling or puffiness of the face;Rare;doctor
","oxycodone;swollen, painful, or tender lymph glands in the neck, armpit, or groin;Rare;doctor
","oxycodone;thirst;Rare;doctor
","oxycodone;tingling of the hands or feet;Rare;doctor
","oxycodone;trembling or shaking of the hands or feet;Rare;doctor
","oxycodone;unusual tiredness or weakness;Rare;doctor
","oxycodone;unusual weight gain or loss;Rare;doctor
","oxycodone;wrinkled skin;Rare;doctor
","oxycodone;Blurred vision;Incidence not known;doctor
","oxycodone;choking;Incidence not known;doctor
","oxycodone;clay-colored stools;Incidence not known;doctor
","oxycodone;cold, clammy skin;Incidence not known;doctor
","oxycodone;dark urine;Incidence not known;doctor
","oxycodone;diarrhea;Incidence not known;doctor
","oxycodone;fast, weak pulse;Incidence not known;doctor
","oxycodone;gagging;Incidence not known;doctor
","oxycodone;irregular, fast, slow, or shallow breathing;Incidence not known;doctor
","oxycodone;loss of appetite;Incidence not known;doctor
","oxycodone;pale or blue lips, fingernails, or skin;Incidence not known;doctor
","oxycodone;unconsciousness;Incidence not known;doctor
","oxycodone;unpleasant breath odor;Incidence not known;doctor
","oxycodone;very slow heartbeat;Incidence not known;doctor
","oxycodone;yellow eyes or skin;Incidence not known;doctor
","oxycodone;Change in consciousness;Get emergency help immediately if any of the following symptoms of overdose occur while taking oxycodone:;doctor
","oxycodone;chest pain or discomfort;Get emergency help immediately if any of the following symptoms of overdose occur while taking oxycodone:;doctor
","oxycodone;constricted, pinpoint, or small pupils (black part of the eye);Get emergency help immediately if any of the following symptoms of overdose occur while taking oxycodone:;doctor
","oxycodone;decreased awareness or responsiveness;Get emergency help immediately if any of the following symptoms of overdose occur while taking oxycodone:;doctor
","oxycodone;extreme drowsiness;Get emergency help immediately if any of the following symptoms of overdose occur while taking oxycodone:;doctor
","oxycodone;loss of consciousness;Get emergency help immediately if any of the following symptoms of overdose occur while taking oxycodone:;doctor
","oxycodone;no muscle tone or movement;Get emergency help immediately if any of the following symptoms of overdose occur while taking oxycodone:;doctor
","oxycodone;severe sleepiness;Get emergency help immediately if any of the following symptoms of overdose occur while taking oxycodone:;doctor
","oxycodone;slow or irregular heartbeat;Get emergency help immediately if any of the following symptoms of overdose occur while taking oxycodone:;doctor
","oxycodone;Difficulty having a bowel movement (stool);More common;noneed
","oxycodone;drowsiness;More common;noneed
","oxycodone;lack or loss of strength;More common;noneed
","oxycodone;relaxed and calm feeling;More common;noneed
","oxycodone;sleepiness or unusual drowsiness;More common;noneed
","oxycodone;Abnormal dreams;Less common;noneed
","oxycodone;acid or sour stomach;Less common;noneed
","oxycodone;anxiety;Less common;noneed
","oxycodone;belching;Less common;noneed
","oxycodone;burning feeling in the chest or stomach;Less common;noneed
","oxycodone;false or unusual sense of well-being;Less common;noneed
","oxycodone;heartburn;Less common;noneed
","oxycodone;hiccups;Less common;noneed
","oxycodone;indigestion;Less common;noneed
","oxycodone;stomach discomfort, upset, or pain;Less common;noneed
","oxycodone;tenderness in the stomach area;Less common;noneed
","oxycodone;trouble sleeping;Less common;noneed
","oxycodone;weight loss;Less common;noneed
","oxycodone;Absent, missed, or irregular menstrual periods;Rare;noneed
","oxycodone;bad, unusual or unpleasant (after) taste;Rare;noneed
","oxycodone;bloated or full feeling;Rare;noneed
","oxycodone;body aches or pain;Rare;noneed
","oxycodone;change in taste;Rare;noneed
","oxycodone;change in walking and balance;Rare;noneed
","oxycodone;changes in vision;Rare;noneed
","oxycodone;clumsiness or unsteadiness;Rare;noneed
","oxycodone;congestion;Rare;noneed
","oxycodone;continuous ringing or buzzing or other unexplained noise in the ears;Rare;noneed
","oxycodone;crying;Rare;noneed
","oxycodone;decreased interest in sexual intercourse;Rare;noneed
","oxycodone;dental caries or tooth decay;Rare;noneed
","oxycodone;depersonalization;Rare;noneed
","oxycodone;depression;Rare;noneed
","oxycodone;difficulty with speaking;Rare;noneed
","oxycodone;dry skin;Rare;noneed
","oxycodone;dryness or soreness of the throat;Rare;noneed
","oxycodone;excess air or gas in the stomach or intestines;Rare;noneed
","oxycodone;excessive muscle tone;Rare;noneed
","oxycodone;feeling of constant movement of self or surroundings;Rare;noneed
","oxycodone;feeling of unreality;Rare;noneed
","oxycodone;general feeling of discomfort or illness;Rare;noneed
","oxycodone;headache, severe and throbbing;Rare;noneed
","oxycodone;hearing loss;Rare;noneed
","oxycodone;hoarseness;Rare;noneed
","oxycodone;hyperventilation;Rare;noneed
","oxycodone;inability to have or keep an erection;Rare;noneed
","oxycodone;increase in body movements;Rare;noneed
","oxycodone;increased appetite;Rare;noneed
","oxycodone;increased cough;Rare;noneed
","oxycodone;irritability;Rare;noneed
","oxycodone;loss in sexual ability, desire, drive, or performance;Rare;noneed
","oxycodone;loss of heat from the body;Rare;noneed
","oxycodone;loss of memory;Rare;noneed
","oxycodone;loss of strength or energy;Rare;noneed
","oxycodone;muscle pain or weakness;Rare;noneed
","oxycodone;muscle stiffness;Rare;noneed
","oxycodone;muscle tension or tightness;Rare;noneed
","oxycodone;neck pain;Rare;noneed
","oxycodone;paranoia;Rare;noneed
","oxycodone;passing of gas;Rare;noneed
","oxycodone;problems with memory;Rare;noneed
","oxycodone;quick to react or overreact emotionally;Rare;noneed
","oxycodone;rapidly changing moods;Rare;noneed
","oxycodone;red, swollen skin;Rare;noneed
","oxycodone;restlessness;Rare;noneed
","oxycodone;runny nose;Rare;noneed
","oxycodone;scaly skin;Rare;noneed
","oxycodone;sensation of spinning;Rare;noneed
","oxycodone;sense of detachment from self or body;Rare;noneed
","oxycodone;severe sleepiness;Rare;noneed
","oxycodone;stomach pain, fullness, or discomfort;Rare;noneed
","oxycodone;swelling or inflammation of the mouth;Rare;noneed
","oxycodone;tender, swollen glands in the neck;Rare;noneed
","oxycodone;unusual weak feeling;Rare;noneed
","oxycodone;voice changes;Rare;noneed
"
